Name,Slug,Collection ID,Item ID,Archived,Draft,Created On,Updated On,Published On,Job,Client ID,Flat/Address,Generated by,Amount Excl. VAT,Amount Incl. VAT,Status Color,Status,Final Status,WRS page,.pdf invoice
Invoice 1-2 Airlie Gardens W8 7AJ Flat no. C,invoice-1-2-airlie-gardens-w8-7aj-flat-c,66509b970a630ec4a9f20f57,66d866e48a357774e7ec68bd,false,false,Wed Sep 04 2024 13:55:48 GMT+0000 (Coordinated Universal Time),Sun Apr 13 2025 17:02:05 GMT+0000 (Coordinated Universal Time),Sun Apr 13 2025 17:02:05 GMT+0000 (Coordinated Universal Time),1-2 Airlie Gardens W8 7AJ,1170265,https://bulletservices.co.uk/wrs/w8-7aj-flat-c,WRS System,10360,12432,#00cbfd,Awaiting Send,PAID,,https://cdn.prod.website-files.com/619692f4d2e01f91e2c4c838/66d866e38a357774e7ec67e9_hRd6lGu5CxeHObo8eLTCem6MLVMnb6CWtt0M63mX5lulDJ36IK3IimK8auKslyZETWI8bwGNBwqem9E-uMfXB5krrknqB5JcousU9amEsjIM0qVpX4wbCiACni490R1Ebj2iG4J3eiBeGm9Gn5wm6MrrgbfGiB2z0lOAFQNgT84.pdf
Invoice 1-2 Airlie Gardens W8 7AJ Flat no. D,invoice-1-2-airlie-gardens-w8-7aj-flat-d,66509b970a630ec4a9f20f57,66d00dfab38bce60383006ab,false,false,Thu Aug 29 2024 05:58:18 GMT+0000 (Coordinated Universal Time),Thu Sep 05 2024 12:25:58 GMT+0000 (Coordinated Universal Time),Thu Sep 05 2024 12:25:58 GMT+0000 (Coordinated Universal Time),1-2 Airlie Gardens W8 7AJ,1166255,https://bulletservices.co.uk/wrs/w8-7aj-flat-d,WRS System,1540,1848,#00cbfd,Awaiting Send,PAID,,https://cdn.prod.website-files.com/619692f4d2e01f91e2c4c838/66d00dfab38bce6038300698_CrIsusgc8TGXDmv6ytMMfKaugYLqiot5M_eRS7lXvR_yf1vRxjgHTun4NYZJI-DoaMcsO4kfSYqzkgRg_ZcEgrDUWYYpq_sQJyplsiK-e_w8Z65pUUk0TFhP0kOS1TMYQL5lQsPKeu0xtRLIilSlt96AlueGqQ1O0JjDKRqM3nc.pdf
Invoice 1-2 Airlie Gardens W8 7AJ Flat no. E,invoice-1-2-airlie-gardens-w8-7aj-flat-e,66509b970a630ec4a9f20f57,66f11acfc0b2604d98b5fd4f,false,false,Mon Sep 23 2024 07:37:51 GMT+0000 (Coordinated Universal Time),Thu Oct 17 2024 18:15:41 GMT+0000 (Coordinated Universal Time),Thu Oct 17 2024 18:15:41 GMT+0000 (Coordinated Universal Time),1-2 Airlie Gardens W8 7AJ,1182789,https://bulletservices.co.uk/wrs/w8-7aj-flat-e,WRS System,3940,4728,#00cbfd,Awaiting Send,PAID,,https://cdn.prod.website-files.com/619692f4d2e01f91e2c4c838/66f11acec0b2604d98b5fd38_OaFz0JhEhUB0ZROP3Zogi18HQClzqLcNWpR4IMJkfoZFI_1yckcRvVdJXER98ymNkSuB994zIE1Io4rcL1gyWWDF4INLroJa7DZdlyBlpA1gYKum0F2gvb1TC3fiRz4COObYb1PDtwp-E8OvJIppZ9uAYQ-9Wdx6bEdGI7sFDgA.pdf
Invoice 1-2 Airlie Gardens W8 7AJ Flat no. F,invoice-1-2-airlie-gardens-w8-7aj-flat-f,66509b970a630ec4a9f20f57,66d99ea2c79bd102ad294e53,false,false,Thu Sep 05 2024 12:05:54 GMT+0000 (Coordinated Universal Time),Thu Sep 05 2024 18:59:51 GMT+0000 (Coordinated Universal Time),Thu Sep 05 2024 18:59:51 GMT+0000 (Coordinated Universal Time),1-2 Airlie Gardens W8 7AJ,1170995,https://bulletservices.co.uk/wrs/w8-7aj-flat-f,WRS System,3315,3978,#750062,Awaiting Send,Sent - Awaiting Payment,,https://cdn.prod.website-files.com/619692f4d2e01f91e2c4c838/66d99ea1c79bd102ad294e31_6Mo3f8pEOvZPsBECUZ9VyNpiqqZJHoNRPOW2qI5Odu71Ux4cTz7691l8dOTU4DONcahAILZbLVNF6FG7uJz1ffmyv1YGDWBvTqr50y_xy3nYNCwa3Hwqte_11gQuR_lsoIoMoffIbglNBCeQ-YIVUxlmpgP6SOaJd1WQhdKGHjU.pdf
Invoice 1-2 Airlie Gardens W8 7AJ Flat no. H,invoice-1-2-airlie-gardens-w8-7aj-flat-h,66509b970a630ec4a9f20f57,66cdb4b069803e5b6b4aa177,false,false,Tue Aug 27 2024 11:12:48 GMT+0000 (Coordinated Universal Time),Tue Aug 27 2024 19:27:06 GMT+0000 (Coordinated Universal Time),Tue Aug 27 2024 19:27:06 GMT+0000 (Coordinated Universal Time),1-2 Airlie Gardens W8 7AJ,1164657,https://bulletservices.co.uk/wrs/w8-7aj-flat-h,WRS System,2595,3114,#750062,Awaiting Send,Sent - Awaiting Payment,,https://cdn.prod.website-files.com/619692f4d2e01f91e2c4c838/66cdb4af69803e5b6b4aa05c_LVFL-4Jtn-DCavjlSy-tpbOc41tY-TL6ItHTnYhA59H4Ib_v5mqX6U3A4Ni8Ug4rbeBtje-kna360mBAhzhQdV0VmkxF9tyv7OlR6ZQjjv3gxD558_LUaVbP-ViTlVr2Z3x3BvkZ25e78YXEyYirkmpj5UajjqxF4WVP0LNRrMQ.pdf
Invoice 1-2 Airlie Gardens W8 7AJ Flat no. J,invoice-1-2-airlie-gardens-w8-7aj-flat-j,66509b970a630ec4a9f20f57,66d00d1d59fc1de8572c81f6,false,false,Thu Aug 29 2024 05:54:37 GMT+0000 (Coordinated Universal Time),Thu Sep 05 2024 12:21:11 GMT+0000 (Coordinated Universal Time),Thu Sep 05 2024 12:21:11 GMT+0000 (Coordinated Universal Time),1-2 Airlie Gardens W8 7AJ,1166253,https://bulletservices.co.uk/wrs/w8-7aj-flat-j,WRS System,870,1044,#00cbfd,Awaiting Send,PAID,,https://cdn.prod.website-files.com/619692f4d2e01f91e2c4c838/66d00d1c59fc1de8572c8138_gYL7twSvNdGDQBdZ2A0NXOBhoSoUMJts1qArU7i0i-z5KTbeFEiCGXCttuQxK51Yy67ZAy4thUrOfXpawcmwCC9B1zgnbQJ05v_Fncc9hZWX5e7P-CX68zHxE7y-q0VqHyru0l0suHc00Ect4ylAprSS4DrrW8yLq8ahL6ovxaA.pdf
Invoice 1-2 Airlie Gardens W8 7AJ Flat no. K,invoice-1-2-airlie-gardens-w8-7aj-flat-k,66509b970a630ec4a9f20f57,66d00c8e6bde9f8273a8630f,false,false,Thu Aug 29 2024 05:52:14 GMT+0000 (Coordinated Universal Time),Thu Sep 05 2024 12:26:51 GMT+0000 (Coordinated Universal Time),Thu Sep 05 2024 12:26:51 GMT+0000 (Coordinated Universal Time),1-2 Airlie Gardens W8 7AJ,1166251,https://bulletservices.co.uk/wrs/w8-7aj-flat-k,WRS System,430,516,#00cbfd,Awaiting Send,PAID,,https://cdn.prod.website-files.com/619692f4d2e01f91e2c4c838/66d00c8d6bde9f8273a86119_--ISCegFivOWCfTfXgh5l5nG0-VGFD-bKm3818H8xZWoD4YD2F8s8OyP5YeZwsZp8H0ebqsnAJfU1cZYCN5RD-l4VVwMd8puLOR54lWGf_z_tJrD-vDUxqOLaOYw2_e8C8kcU3z2rRTdlbqDFvj3RNdHSZirvf1WAQ7QTnCr-mo.pdf
Invoice 1-2 Airlie Gardens W8 7AJ Flat no. L,invoice-1-2-airlie-gardens-w8-7aj-flat-l,66509b970a630ec4a9f20f57,66f9151802dd0e7006c31d55,false,false,Sun Sep 29 2024 08:51:36 GMT+0000 (Coordinated Universal Time),Tue Dec 10 2024 10:02:52 GMT+0000 (Coordinated Universal Time),Tue Dec 10 2024 10:02:52 GMT+0000 (Coordinated Universal Time),1-2 Airlie Gardens W8 7AJ,1187063,https://bulletservices.co.uk/wrs/w8-7aj-flat-l,WRS System,1635,1962,#750062,Awaiting Send,Sent - Awaiting Payment,,https://cdn.prod.website-files.com/619692f4d2e01f91e2c4c838/66f9151802dd0e7006c31d50_YRh6T-yY2iIU8wBy4nzIvV7Md_V381wIEEjRXUNZwzZEfuX7dcTD_zQcuwL9CTyKHsZO4c-Hqa7T72mYl2JExWMinzEJu2dBaKB5sn2JRQr58bEF_Wx--sLRPDpT5plge6Upjh6NMVU_6TQnKd81gwoWHwR_8holSHC91QXsqx8.pdf
Invoice 13 Bolton basement flat Flat no. Basement,invoice-13-bolton-basement-flat-flat-basement,66509b970a630ec4a9f20f57,6915c490b64bada0bf78c58d,false,false,Thu Nov 13 2025 11:44:16 GMT+0000 (Coordinated Universal Time),Thu Nov 13 2025 14:21:59 GMT+0000 (Coordinated Universal Time),Thu Nov 13 2025 14:21:59 GMT+0000 (Coordinated Universal Time),13 Bolton basement flat,1412473,https://bulletservices.co.uk/wrs/13-bolton-basement-flat-basement-33a7,WRS System,720,864,#00cbfd,Awaiting Send,PAID,,https://cdn.prod.website-files.com/619692f4d2e01f91e2c4c838/6915c490b64bada0bf78c57b_1_l9e-SBt393cL6TnbA5B1fHwd3gPt6LruVhUDIZCCNucoR_EcqWKGeC100wN6dj_m_1gYVcbQSg5JXhnAlEvfe2JCP4RT4cAIPx0balO2rYKQ8i2qhrU3H24OhZMAzA6Bps5Zj1Rx75TnuhvTh0yrBcK1nSfVVwPVYEJoU2Blo.pdf
Invoice 13 Bolton flat 1 Flat no. 1,invoice-13-bolton-flat-1-flat-1,66509b970a630ec4a9f20f57,690362b263eaa8867dd09642,false,false,Thu Oct 30 2025 13:05:54 GMT+0000 (Coordinated Universal Time),Mon Nov 03 2025 09:43:23 GMT+0000 (Coordinated Universal Time),Mon Nov 03 2025 09:43:23 GMT+0000 (Coordinated Universal Time),13 Bolton flat 1,1406263,https://bulletservices.co.uk/wrs/13-bolton-flat-1-1-feaa,WRS System,1200,1440,#00cbfd,Awaiting Send,PAID,,https://cdn.prod.website-files.com/619692f4d2e01f91e2c4c838/690362b263eaa8867dd0963d_VibH53KDF0_86QQUswYQnzoDkJOIp8x7FjyYU-5OPUimn6zzcaT7VLinKxkqYv6h87Grm2W0Jd8lq3fybv5JSP-CBnU3PFwtMPeWx8C6uzD4hFgIqsoS_79P-vqf2geDMUrSOmDmKt6fMP48ND2zxxWLOTDmY1UbT36-LNTCgok.pdf
Invoice 13 Bolton flat 4 Flat no. 4,invoice-13-bolton-flat-4-flat-4,66509b970a630ec4a9f20f57,69073797b8ded30264626db3,false,false,Sun Nov 02 2025 10:51:03 GMT+0000 (Coordinated Universal Time),Sun Nov 02 2025 11:10:10 GMT+0000 (Coordinated Universal Time),Sun Nov 02 2025 11:10:10 GMT+0000 (Coordinated Universal Time),13 Bolton flat 4,1407505,https://bulletservices.co.uk/wrs/13-bolton-4-fe9a,WRS System,900,1080,#00cbfd,Awaiting Send,PAID,,https://cdn.prod.website-files.com/619692f4d2e01f91e2c4c838/69073797b8ded30264626da5_Fe6e3GvXYh7Xjk2yLZMgCW3QAie3h6GMD0nyjfximz8_xwArM7lAA1T6Mo-RNVIiepYNt5TS7MRasNedpdZMnp-HlwyEkSYGUrfo7iDo_ofYppckE2bGX2LzeF6E9i7HL4In5e0V6LjSq-fkLl1KBzWfoERkyP1AdJHAsjwvh90.pdf
Invoice 13 Bolton Gardens flat 3 Flat 3,invoice-13-bolton-gardens-flat-3-flat-3,66509b970a630ec4a9f20f57,6916ffe7ba32933a61635123,false,false,Fri Nov 14 2025 10:09:43 GMT+0000 (Coordinated Universal Time),Fri Nov 14 2025 10:09:43 GMT+0000 (Coordinated Universal Time),Fri Nov 14 2025 10:09:43 GMT+0000 (Coordinated Universal Time),13 Bolton Gardens flat 3,1413031,https://bulletservices.co.uk/wrs/13-bolton-flat-3-3-1f3e,WRS System,1550,1860,#8d7800,Awaiting Send,,,https://cdn.prod.website-files.com/619692f4d2e01f91e2c4c838/6916ffe6ba32933a616350d1_ZrdTmewx0rBYd3YsWzXqHvt_Pvyyc5JeY1ia7EzX039GtMR1EXqO7FmalMMvvp5WZIqwlWVT3VIASfCQA4uhUB_fcabWOvZS2Y-U1yJR_OWe_NLxyTSJ51IYpv6jrTTUhlkACWXRt5tFjOG7JT8dz0vMkCuXz_wtRcVLImbknSI.pdf
Invoice 20 Gledhow Gardens SW5 0AZ Flat no. 2,invoice-20-gledhow-gardens-sw5-0az-flat-2,66509b970a630ec4a9f20f57,674473a2ebdd9cdc0f81b8e5,false,false,Mon Nov 25 2024 12:54:58 GMT+0000 (Coordinated Universal Time),Mon Jan 20 2025 16:31:26 GMT+0000 (Coordinated Universal Time),Mon Jan 20 2025 16:31:26 GMT+0000 (Coordinated Universal Time),20 Gledhow Gardens SW5 0AZ,1224273,https://bulletservices.co.uk/wrs/sw5-0az-flat-2,WRS System,2421,2905,#750062,Awaiting Send,Sent - Awaiting Payment,,https://cdn.prod.website-files.com/619692f4d2e01f91e2c4c838/674473a2ebdd9cdc0f81b8b0_bvqqDSPBqq_s-y3mHjnr3Lt6-76uJ33k2Z0YsTWA0QV4XmGnR7k0e9uhsq2MUa6q4Rcuq4mHrulel54esCnr0oI6eI2pTtrmGjCLhGExsjnxYE4HJ5h9Am6Tbxy16Uu_tvDwu6oqHijhhOZqQ60SrgdhQntsS5wEcyJ-YxQy4s4.pdf
Invoice 23-27 Nevern Square SW5 9PD Flat no. 23E,invoice-23-27-nevern-square-sw5-9pd-flat-23e,66509b970a630ec4a9f20f57,66aa2d1635fa73c89603682b,false,false,Wed Jul 31 2024 12:24:54 GMT+0000 (Coordinated Universal Time),Tue Dec 10 2024 10:01:31 GMT+0000 (Coordinated Universal Time),Tue Dec 10 2024 10:01:31 GMT+0000 (Coordinated Universal Time),23-27 Nevern Square SW5 9PD,1147041,https://bulletservices.co.uk/wrs/sw5-9pd-flat-23e,WRS System,675,810,#750062,Awaiting Send,Sent - Awaiting Payment,,https://uploads-ssl.webflow.com/619692f4d2e01f91e2c4c838/66aa2d1535fa73c896036714__IgRpkehSqEbt0CiGbrUiRQ4bTmzBwShCJ2Hzz3-wW_dpZhGvH8Zjp9o_e79uqa2yNtOA-hrI2hcRW4Nd3gzkkTpBchvyqZ0a2VnHYlWFJ6UdfmCMnqSSG9B44hDyOZZyv65kvxAQgBJrm1Atzof3LQ_TQRApCCj7E1vVlcjjLA.pdf
Invoice 23-27 Nevern Square SW5 9PD Flat no. 23L,invoice-23-27-nevern-square-sw5-9pd-flat-23l,66509b970a630ec4a9f20f57,66acc124c1d847c5d1a3b175,false,false,Fri Aug 02 2024 11:21:08 GMT+0000 (Coordinated Universal Time),Tue Dec 10 2024 10:08:22 GMT+0000 (Coordinated Universal Time),Tue Dec 10 2024 10:08:22 GMT+0000 (Coordinated Universal Time),23-27 Nevern Square SW5 9PD,1148637,https://bulletservices.co.uk/wrs/sw5-9pd-flat-23l,WRS System,2080,2496,#00cbfd,Awaiting Send,PAID,,https://uploads-ssl.webflow.com/619692f4d2e01f91e2c4c838/66acc124c1d847c5d1a3b164_mER-A-7m_2C6lJsUIZQRbF8I8sensTJxzBldhScHalQ9OJ_QE6N4mjjQg3NHu0A4FrNFataMZizKEaj3437QVmVpPOGSHHnzQWQKHokMegpSJPYnE6Wun9x0s-zitRxUrOb94wijjkhhSKBL8ww3V1wsYkRCT-P4upMh6PlFC1s.pdf
Invoice 23-27 Nevern Square SW5 9PD Flat no. 23N,invoice-23-27-nevern-square-sw5-9pd-flat-23n,66509b970a630ec4a9f20f57,66acc0c258756a9e2cba9beb,false,false,Fri Aug 02 2024 11:19:30 GMT+0000 (Coordinated Universal Time),Tue Dec 10 2024 10:10:20 GMT+0000 (Coordinated Universal Time),Tue Dec 10 2024 10:10:20 GMT+0000 (Coordinated Universal Time),23-27 Nevern Square SW5 9PD,1148635,https://bulletservices.co.uk/wrs/sw5-9pd-flat-23n,WRS System,1050,1260,#00cbfd,Awaiting Send,PAID,,https://uploads-ssl.webflow.com/619692f4d2e01f91e2c4c838/66acc0c158756a9e2cba9bc1_lwzG_lhFBUa7vhtBsnPBymfAJIUecrlnuy01WJL5rWqPUkYwEkUEv1pdEWwvUEBpDE--Z1CfsB1G_OD-LvzIJCKILSfWsgoVlVG_LInuRlh26fQALCBQD-Vo_ktxn3KwumscdllXBSC6L0G9hh5hkH1EDHdBtQVnndrKal3Pixg.pdf
Invoice 23-27 Nevern Square SW5 9PD Flat no. 23Q,invoice-23-27-nevern-square-sw5-9pd-flat-23q,66509b970a630ec4a9f20f57,6698fdcdccba5391ecd1a08c,false,false,Thu Jul 18 2024 11:34:37 GMT+0000 (Coordinated Universal Time),Mon Sep 09 2024 09:23:56 GMT+0000 (Coordinated Universal Time),Mon Sep 09 2024 09:23:56 GMT+0000 (Coordinated Universal Time),23-27 Nevern Square SW5 9PD,1138621,https://bulletservices.co.uk/wrs/sw5-9pd-flat-23q,WRS System,1500,1800,#00cbfd,Awaiting Send,PAID,,https://uploads-ssl.webflow.com/619692f4d2e01f91e2c4c838/6698fdcdccba5391ecd1a069_pgCwetjr2LWM7-8KjvHa7BYSCZVBGtB8V_0hpYQrFHKJdCeUniIBMgtEaOCVaUAEkkGxBCWBXwUxiDqlMn712Lz2ScnfwQa0uMisS8orgUwlbuHgeLuesvEZHltc92QoqQgpMs3dPCk7Y80LkooLtvEzdmjesuI31LmyyTVJnvg.pdf
Invoice 23-27 Nevern Square SW5 9PD Flat no. 23R,invoice-23-27-nevern-square-sw5-9pd-flat-23r,66509b970a630ec4a9f20f57,66997a5f5ab635b2c475b88b,false,false,Thu Jul 18 2024 20:26:07 GMT+0000 (Coordinated Universal Time),Sun Jul 21 2024 18:54:39 GMT+0000 (Coordinated Universal Time),Sun Jul 21 2024 18:54:39 GMT+0000 (Coordinated Universal Time),23-27 Nevern Square SW5 9PD,1139085,https://bulletservices.co.uk/wrs/sw5-9pd-flat-23r,WRS System,1490,1788,#00cbfd,Awaiting Send,PAID,,https://uploads-ssl.webflow.com/619692f4d2e01f91e2c4c838/66997a5f5ab635b2c475b883_vJSyw-6kmWBQe73rTTK6Ka5erqx0or8pYz2njL9vEY8ZJNm7oGvbMVMzj0VsiQ-CzJSyGtaB9tmbie0H3lYWg3m-Cyz04MN7SukJHSZ3fvSrVf06S4jyDaidZPl_sEAJ_EgJes2YAc8jrTFZYIf91itQf0Cyn6ZId8F1y2f_4sk.pdf
Invoice 23-27 Nevern Square SW5 9PD Flat no. 25A,invoice-23-27-nevern-square-sw5-9pd-flat-25a,66509b970a630ec4a9f20f57,66ab4bffc7917c8a117e2906,false,false,Thu Aug 01 2024 08:49:03 GMT+0000 (Coordinated Universal Time),Thu Aug 01 2024 13:37:04 GMT+0000 (Coordinated Universal Time),Thu Aug 01 2024 13:37:04 GMT+0000 (Coordinated Universal Time),23-27 Nevern Square SW5 9PD,1147835,https://bulletservices.co.uk/wrs/sw5-9pd-flat-25a,WRS System,930,1116,#00cbfd,Awaiting Send,PAID,,https://uploads-ssl.webflow.com/619692f4d2e01f91e2c4c838/66ab4bfec7917c8a117e2901__mKc_FH4s1AVeAOyDpQ1Z2qJU_byLqxOfnzpWDKrQ2ZY5GFIpyjTQlFtrX5OBA3cWyrujo2y42NwDK7_E533xut0eX0n3bF4b1l2b8jUYbpnugRBmDfl8gqGrGdm2rPBveC9LyJLSUca8Prsfoyo_2R8xc_cnWoOxUEpzkEGEOI.pdf
Invoice 23-27 Nevern Square SW5 9PD Flat no. 25B,invoice-23-27-nevern-square-sw5-9pd-flat-25b,66509b970a630ec4a9f20f57,66ac0d87146a5d1fa41107dd,false,false,Thu Aug 01 2024 22:34:47 GMT+0000 (Coordinated Universal Time),Fri Aug 02 2024 08:49:52 GMT+0000 (Coordinated Universal Time),Fri Aug 02 2024 08:49:52 GMT+0000 (Coordinated Universal Time),23-27 Nevern Square SW5 9PD,1148381,https://bulletservices.co.uk/wrs/sw5-9pd-flat-25b,WRS System,2025,2430,#00cbfd,Awaiting Send,PAID,,https://uploads-ssl.webflow.com/619692f4d2e01f91e2c4c838/66ac0d87146a5d1fa41107d8_z57eDedCG2YBInjVbg7PKbl5VMaI1p08Cx8-IUZRlo9KpUUcoQPqRlH1dvwZiLogVmeedfRx0tFiw7Snx3VqGvD3fJZUZASnqDnK7FEu0aDn9b2F9yHlRxTgdiV1PAjcW5Mwjd6xUV7bgtdsewL3Q1Y9KmW6eWps7LS_6OlW8Z4.pdf
Invoice 23-27 Nevern Square SW5 9PD Flat no. 25C,invoice-23-27-nevern-square-sw5-9pd-flat-25c,66509b970a630ec4a9f20f57,6697e014d578293febbf1bdc,false,false,Wed Jul 17 2024 15:15:32 GMT+0000 (Coordinated Universal Time),Thu Jul 18 2024 11:44:02 GMT+0000 (Coordinated Universal Time),Thu Jul 18 2024 11:44:02 GMT+0000 (Coordinated Universal Time),23-27 Nevern Square SW5 9PD,1137871,https://bulletservices.co.uk/wrs/sw5-9pd-flat-25c,WRS System,110,132,#00cbfd,Awaiting Send,PAID,,
Invoice 23-27 Nevern Square SW5 9PD Flat no. 25E,invoice-23-27-nevern-square-sw5-9pd-flat-25e,66509b970a630ec4a9f20f57,66a905b0e18552b4e67d7e5a,false,false,Tue Jul 30 2024 15:24:32 GMT+0000 (Coordinated Universal Time),Thu Nov 07 2024 15:04:10 GMT+0000 (Coordinated Universal Time),Thu Nov 07 2024 15:04:10 GMT+0000 (Coordinated Universal Time),23-27 Nevern Square SW5 9PD,1146385,https://bulletservices.co.uk/wrs/sw5-9pd-flat-25e,WRS System,735,882,#00cbfd,Awaiting Send,PAID,,https://uploads-ssl.webflow.com/619692f4d2e01f91e2c4c838/66a905b0e18552b4e67d7e1e_BM9oyr4EcNaUZDZfK78eBuccpcH6jBGGvDqvKJE2_oeoa_aJO_zJ3Sa3z2UYHqNK7AXazxWPXURxteb6FqN4b1Soi-GevvNj0UfvbL84uOqsqO2mwYzr4GU2M2qB-jP4IvClBYejL59LmdKIsVGZ0w6YrFI30waO3c7m7Pd9NPE.pdf
Invoice 23-27 Nevern Square SW5 9PD Flat no. 25G,invoice-23-27-nevern-square-sw5-9pd-flat-25g,66509b970a630ec4a9f20f57,66994a7931a0335380aa347d,false,false,Thu Jul 18 2024 17:01:45 GMT+0000 (Coordinated Universal Time),Tue Dec 10 2024 10:01:38 GMT+0000 (Coordinated Universal Time),Tue Dec 10 2024 10:01:38 GMT+0000 (Coordinated Universal Time),23-27 Nevern Square SW5 9PD,1138875,https://bulletservices.co.uk/wrs/sw5-9pd-flat-25g,WRS System,1540,1848,#750062,Awaiting Send,Sent - Awaiting Payment,,https://uploads-ssl.webflow.com/619692f4d2e01f91e2c4c838/66994a7931a0335380aa33bd_9jptGugsIxBKi6KaOxeB3MJYpl0QEujf7quSIQhHGSpx6kd0XZx7pQ6A4IewUrNj-zDdzzgFGJzv9wtK7bGtU9BIHEWk6tQMdbAarSJJ2_3qDPMuvUByGX0Wo0v9C1Tz6Oss73TBBEu1RNSe4_QcGQss2NvlPKiVhn27iSbwCxM.pdf
Invoice 23-27 Nevern Square SW5 9PD Flat no. 25R,invoice-23-27-nevern-square-sw5-9pd-flat-25r,66509b970a630ec4a9f20f57,66deb45f7ac369fa597da1b3,false,false,Mon Sep 09 2024 08:39:59 GMT+0000 (Coordinated Universal Time),Sun Mar 09 2025 21:41:18 GMT+0000 (Coordinated Universal Time),Sun Mar 09 2025 21:41:18 GMT+0000 (Coordinated Universal Time),23-27 Nevern Square SW5 9PD,1173257,https://bulletservices.co.uk/wrs/sw5-9pd-flat-25r,WRS System,1985,2382,#00cbfd,Awaiting Send,PAID,,https://cdn.prod.website-files.com/619692f4d2e01f91e2c4c838/66deb45f7ac369fa597da1ae_CnO2LGd8hPSbWVbsXh_Uh7vQxRer53O8ZAie8pH4bbwByMSkVfSuXTRM_Dh-ADZrUw_K7wezJaTe9UFk_ootPDQ4WZUZWnJOWqrDloOjSU1hNl2h8Ap6W0TLVuMN8fAOzH4lHrFlWRaKKg4PIN0d7-uI0tkoMxcsCpsOA5x8N-U.pdf
Invoice 23-27 Nevern Square SW5 9PD Flat no. 27E,invoice-23-27-nevern-square-sw5-9pd-flat-27e,66509b970a630ec4a9f20f57,66aa66bbe3f3e243483416dd,false,false,Wed Jul 31 2024 16:30:51 GMT+0000 (Coordinated Universal Time),Wed Jul 31 2024 17:14:54 GMT+0000 (Coordinated Universal Time),Wed Jul 31 2024 17:14:54 GMT+0000 (Coordinated Universal Time),23-27 Nevern Square SW5 9PD,1147261,https://bulletservices.co.uk/wrs/sw5-9pd-flat-27e,WRS System,770,924,#00cbfd,Awaiting Send,PAID,,https://uploads-ssl.webflow.com/619692f4d2e01f91e2c4c838/66aa66bbe3f3e24348341654_AZ__KrAarvgqR12uQjNR-Wf_j9-0LkNZfC_UIKrUu4OHf80zvEpM46XCeLZCn06_HH2lCi5_jHEnKVtEuUNWv0M_y5Y_-5zHsfGKEv824CmduqENNdxzKR-vF9p9UU5vJmf_iQZCAQkJdqX7M-aAC1T8fiNFIr8ihcmlbCGTyQA.pdf
Invoice 23-27 Nevern Square SW5 9PD Flat no. 27F,invoice-23-27-nevern-square-sw5-9pd-flat-27f,66509b970a630ec4a9f20f57,66b9e020017b85b6bb612737,false,false,Mon Aug 12 2024 10:12:48 GMT+0000 (Coordinated Universal Time),Tue Aug 20 2024 21:09:42 GMT+0000 (Coordinated Universal Time),Tue Aug 20 2024 21:09:42 GMT+0000 (Coordinated Universal Time),23-27 Nevern Square SW5 9PD,1154451,https://bulletservices.co.uk/wrs/sw5-9pd-flat-27f,WRS System,2785,3342,#00cbfd,Awaiting Send,PAID,,https://uploads-ssl.webflow.com/619692f4d2e01f91e2c4c838/66b9e01f017b85b6bb612705_NDK91b9_HQFgk0EOfYBrxYHw6P4luhuLRtWk4Hj3ejtq_TeBdiSHQD5jpPVm1O5f-Ew2QcAkzKFtr4B61yQx0clvyj-IKGH_070A2awoIv4xtVNr5hR5J6HpYmJzS_yww5A1IEoOmsWe7_KSCUjxK4vqYXAzF350C7WvoewSoi4.pdf
Invoice 23-27 Nevern Square SW5 9PD Flat no. 27N,invoice-23-27-nevern-square-sw5-9pd-flat-27n,66509b970a630ec4a9f20f57,66a0cc28fa5345f86620d622,false,false,Wed Jul 24 2024 09:40:56 GMT+0000 (Coordinated Universal Time),Mon Sep 23 2024 11:58:43 GMT+0000 (Coordinated Universal Time),Mon Sep 23 2024 11:58:43 GMT+0000 (Coordinated Universal Time),23-27 Nevern Square SW5 9PD,1142405,https://bulletservices.co.uk/wrs/sw5-9pd-flat-27n,WRS System,1355,1626,#00cbfd,Awaiting Send,PAID,,https://uploads-ssl.webflow.com/619692f4d2e01f91e2c4c838/66a0cc28fa5345f86620d5dc_Px-XeEFT0dfXV-UWzgyfutrS1jegtwqjEr4He4xTub3KvcHLJczaKYNeeWvDCLTgVuKkGxEEQoaTW0XSxiyRn82Q_XBCVydsWAMZy5FHnpKQa0kfzlkVhLfBw4BwV6X6z6b--MjnggI9w7Q36X1NVgCBzgSSi-fhfRK-9gkLYrU.pdf
Invoice 23-27 Nevern Square SW5 9PD Flat no. 27P,invoice-23-27-nevern-square-sw5-9pd-flat-27p,66509b970a630ec4a9f20f57,669a59bc75f05fe9cbe9de22,false,false,Fri Jul 19 2024 12:19:08 GMT+0000 (Coordinated Universal Time),Tue Sep 10 2024 09:47:51 GMT+0000 (Coordinated Universal Time),Tue Sep 10 2024 09:47:51 GMT+0000 (Coordinated Universal Time),23-27 Nevern Square SW5 9PD,1139461,https://bulletservices.co.uk/wrs/sw5-9pd-flat-27p,WRS System,2020,2424,#00cbfd,Awaiting Send,PAID,,https://uploads-ssl.webflow.com/619692f4d2e01f91e2c4c838/669a59bc75f05fe9cbe9de1d_z4WPKtMJdPL5209yW3ppXF3_Jgvfzm3j53tk3eBsCwRm1LsN7UHXqf0m5pxbiAno42YuMZ0D-PcRZflD0bIB8nCDWvkxRJCAhL3_IHSJF-JzRed-yUX0KLoyp3R7OH7xsjtNQIqRgKXEoG8zuXot4IBH1xB6eX1MeCirPv120mo.pdf
Invoice 25 Earls Court Gardens SW5 0TR Flat 2,invoice-25-earls-court-gardens-sw5-0tr-flat-2,66509b970a630ec4a9f20f57,67d042ca6d1d91435e560aad,false,false,Tue Mar 11 2025 14:03:54 GMT+0000 (Coordinated Universal Time),Tue Mar 11 2025 14:03:54 GMT+0000 (Coordinated Universal Time),Tue Mar 11 2025 14:03:54 GMT+0000 (Coordinated Universal Time),25 Earls Court Gardens SW5 0TR,1285547,https://bulletservices.co.uk/wrs/sw5-0tr-flat-2,WRS System,6071,7284.6,#8d7800,Awaiting Send,,,https://cdn.prod.website-files.com/619692f4d2e01f91e2c4c838/67d042ca6d1d91435e560a4a_Izn30rtM9_ioPeQ23VgMTCQVaVrqXsOuByG3-45TsB6_oTAnA5cYpj4jKNKc5La0Aneb_MueRne5FS2zDjikwU8Sm-iz6o1cny7nK95fz9HFVecSTps3S9rLRi0ujGyAoiExroZtZZfYm9rrz8-7EsHyJKHReJZRmIUzfMkFXw4.pdf
Invoice 38 Hartcourt Terrace SW10 9JR Flat 2,invoice-38-hartcourt-terrace-sw10-9jr-flat-2,66509b970a630ec4a9f20f57,6808b06f6d926f9cf7e7c50f,false,false,Wed Apr 23 2025 09:18:39 GMT+0000 (Coordinated Universal Time),Wed Apr 23 2025 09:18:39 GMT+0000 (Coordinated Universal Time),Wed Apr 23 2025 09:18:39 GMT+0000 (Coordinated Universal Time),38 Hartcourt Terrace SW10 9JR,1310175,https://bulletservices.co.uk/wrs/sw10-9jr-flat-2,WRS System,920,1104,#8d7800,Awaiting Send,,,https://cdn.prod.website-files.com/619692f4d2e01f91e2c4c838/6808b06f6d926f9cf7e7c443_E2vdpx83fD4cqcMBuoMn9JEW6Y-Y3CLcF6_J5xqiFyM1ldmkkP0iDaCsF9oR033ehhCTua_Nc05nIUs5bT6qIfKRL1__jMDDGDOxy0e_1Ll-8QTpvV-eMTMsuekKAXLTbh9rzx1ODXo8-TYAPtd12VIS-W2t0CPSlRuwnlmamuw.pdf
Invoice 38 Hartcourt Terrace SW10 9JR Flat no. 5,invoice-38-hartcourt-terrace-sw10-9jr-flat-5,66509b970a630ec4a9f20f57,67efa338a690ad6724102519,false,false,Fri Apr 04 2025 09:15:36 GMT+0000 (Coordinated Universal Time),Wed Jun 11 2025 13:26:25 GMT+0000 (Coordinated Universal Time),Wed Jun 11 2025 13:26:25 GMT+0000 (Coordinated Universal Time),38 Hartcourt Terrace SW10 9JR,1300091,https://bulletservices.co.uk/wrs/sw10-9jr-flat-5,WRS System,680,816,#00cbfd,Awaiting Send,PAID,,https://cdn.prod.website-files.com/619692f4d2e01f91e2c4c838/67efa337a690ad672410232c_kKjdd8B-z2-AWwp0UrYtP7zRmrMpBly_I_FCm-wKcGZV2ll4T8hiQJqKJQF8Jt2Jop4sAdTDGxlHFz5Tk0G6_utgh2U6kqcdBrkd1X8Et_ktUPTE9VH3HADPblLHclzPDoSH1v1qxNI7peKdXrp7Gr0FFA-b8PuP6pVr_kJL_Eg.pdf
Invoice 38 Hartcourt Terrace SW10 9JR Flat no. 6,invoice-38-hartcourt-terrace-sw10-9jr-flat-6,66509b970a630ec4a9f20f57,67cecd66b036c1c229b88868,false,false,Mon Mar 10 2025 11:30:46 GMT+0000 (Coordinated Universal Time),Tue Mar 11 2025 11:01:04 GMT+0000 (Coordinated Universal Time),Tue Mar 11 2025 11:01:04 GMT+0000 (Coordinated Universal Time),38 Hartcourt Terrace SW10 9JR,1284763,https://bulletservices.co.uk/wrs/sw10-9jr-flat-6,WRS System,210,252,#00cbfd,Awaiting Send,PAID,,https://cdn.prod.website-files.com/619692f4d2e01f91e2c4c838/67cecd65b036c1c229b8880e_b__z1akUq0aaayJ-4AV15eP7ESlS0-sgiybycjsOZCt5k_Ti-HjB5XcZsWXiKtIvlzJckEGLAsKbGFo-9IyqCJjQ9x-OGJDCqOkFYXqBzvJ598N_JNLDHBPr0s-WigL4y_PJHBgvrIwJsmUxwiRDS0p2LVz2FfqEo6rGnu-rTv4.pdf
Invoice 47-49 Penywern Road Flat no. Top floor flat no 67,invoice-47-49-penywern-road-flat-top-floor-flat-no-67,66509b970a630ec4a9f20f57,68ecc326596fa6597514eb7b,false,false,Mon Oct 13 2025 09:15:18 GMT+0000 (Coordinated Universal Time),Mon Oct 13 2025 11:40:53 GMT+0000 (Coordinated Universal Time),Mon Oct 13 2025 11:40:53 GMT+0000 (Coordinated Universal Time),47-49 Penywern Road,1398979,https://bulletservices.co.uk/wrs/top-floor-flat-849b3681,WRS System,1393,1671.6,#750062,Awaiting Send,Sent - Awaiting Payment,,https://cdn.prod.website-files.com/619692f4d2e01f91e2c4c838/68ecc325596fa6597514eb76_aLFcR9BS9JMawZ8bSzSxBpbH2nQXL7EQlaLUrGLjuA5gCC3mV29NckiC2DpoP_rc0g_zMYhTztRiezcUs82aL0Wy4KBLezneXrt8mbY72zOxekln4-WXaZnyQQCm-9W1LT1p0AchUzzGAMZpQN5124SweiiDE2WNEA97O8rc1q0.pdf
Invoice 48-121 Barkston Gardens SW5 0EL Flat 113,invoice-48-121-barkston-gardens-sw5-0el-flat-113,66509b970a630ec4a9f20f57,670ebe61286a5f8c48062a55,false,false,Tue Oct 15 2024 19:11:29 GMT+0000 (Coordinated Universal Time),Mon Oct 21 2024 16:07:26 GMT+0000 (Coordinated Universal Time),Mon Oct 21 2024 16:07:26 GMT+0000 (Coordinated Universal Time),48-121 Barkston Gardens SW5 0EL,1197909,https://bulletservices.co.uk/wrs/sw5-0el-flat-113,WRS System,1540,1848,#00cbfd,Awaiting Send,PAID,,
Invoice 48-121 Barkston Gardens SW5 0EL Flat no. 121,invoice-48-121-barkston-gardens-sw5-0el-flat-121,66509b970a630ec4a9f20f57,6756e4e7ee4ea8234f931bef,false,false,Mon Dec 09 2024 12:39:03 GMT+0000 (Coordinated Universal Time),Fri Dec 13 2024 22:22:27 GMT+0000 (Coordinated Universal Time),Fri Dec 13 2024 22:22:27 GMT+0000 (Coordinated Universal Time),48-121 Barkston Gardens SW5 0EL,1233875,https://bulletservices.co.uk/wrs/sw5-0el-flat-121,WRS System,2990,3588,#00cbfd,Awaiting Send,PAID,,https://cdn.prod.website-files.com/619692f4d2e01f91e2c4c838/6756e4e7ee4ea8234f931bc8_OAixgUE2RXU7uuaEVB-Gx8Hyn0l77Ct4JffY6_O6twqS__642PvxRAj3RTtNPbPpdFS3sHzQy1ZmTFm6STC0xxU6G-OiNC-_JCchQOq0uQGua1THLZp3WLUc7TRZ-oJ-3ZWum9G1e1IGqvCJda0cWML6WJGZhDwydKc-KD88zS8.pdf
Invoice 48-121 Barkston Gardens SW5 0EL Flat no. 50,invoice-48-121-barkston-gardens-sw5-0el-flat-50,66509b970a630ec4a9f20f57,67519a2e2f0a8311f098b9cf,false,false,Thu Dec 05 2024 12:18:54 GMT+0000 (Coordinated Universal Time),Mon Jan 20 2025 16:30:59 GMT+0000 (Coordinated Universal Time),Mon Jan 20 2025 16:30:59 GMT+0000 (Coordinated Universal Time),48-121 Barkston Gardens SW5 0EL,1231601,https://bulletservices.co.uk/wrs/sw5-0el-flat-50,WRS System,1340,1608,#750062,Awaiting Send,Sent - Awaiting Payment,,https://cdn.prod.website-files.com/619692f4d2e01f91e2c4c838/67519a2e2f0a8311f098b901_bnSNxN-ouI3xlvw5zKMktxbs8P7euHUVTfe5cIdZgqQNSR5g1rxxHR7c8Ouu6Tmpa74kitqjB3F78xwBraQS6QmTdl_UgsQvp466_QQB9LkQNWW8s6K8nEO9Finbaw30so4T-b1OOB93rcYPEez1RON8riBbUAyxYy9qvLzJmSM.pdf
Invoice 48-121 Barkston Gardens SW5 0EL Flat no. 54,invoice-48-121-barkston-gardens-sw5-0el-flat-54,66509b970a630ec4a9f20f57,674dc5d708a913c93d2279b4,false,false,Mon Dec 02 2024 14:36:07 GMT+0000 (Coordinated Universal Time),Fri Dec 13 2024 13:39:03 GMT+0000 (Coordinated Universal Time),Fri Dec 13 2024 13:39:03 GMT+0000 (Coordinated Universal Time),48-121 Barkston Gardens SW5 0EL,1228939,https://bulletservices.co.uk/wrs/sw5-0el-flat-54,WRS System,1860,2232,#00cbfd,Awaiting Send,PAID,,https://cdn.prod.website-files.com/619692f4d2e01f91e2c4c838/674dc5d608a913c93d227932_Mfn-x6jwwuQo6CVv8WTCUqYQBWq9obNYcU8RklIh1H0Iw9yaK-q_YZMXe28RoUBJ366-m8BVJZxKJxH2ZLEL8wpuRojgFZaQCFOm_cNwtJG9SzhgE_PbqckS2_1roiIGaSnJlT3UPUmekdn0vWsRCoAPcHF2SL9s5HzT-3OZjjI.pdf
Invoice 48-121 Barkston Gardens SW5 0EL Flat no. 54,invoice-48-121-barkston-gardens-sw5-0el-flat-54-47171,66509b970a630ec4a9f20f57,674dc6072e7341886719e67f,false,false,Mon Dec 02 2024 14:36:55 GMT+0000 (Coordinated Universal Time),Mon Jan 20 2025 16:31:03 GMT+0000 (Coordinated Universal Time),Mon Jan 20 2025 16:31:03 GMT+0000 (Coordinated Universal Time),48-121 Barkston Gardens SW5 0EL,1228941,https://bulletservices.co.uk/wrs/sw5-0el-flat-54,WRS System,1860,2232,#750062,Awaiting Send,Sent - Awaiting Payment,,https://cdn.prod.website-files.com/619692f4d2e01f91e2c4c838/674dc6072e7341886719e675_6glQX7j5xeMfcmWOQX-AzdT-6SQGrkoODu-MG6wKxBsFepp8uD_TuePFEbzucbN6BByAZceEmtsUsa9Sp0pltplssR4C5nXtbbo7ciAeolTUStQwNps5wMovbBg71hAHVzCFJ1X0jQ2yHHDl2SR1j1SyKE6OHWrs3_vonPQlGpw.pdf
Invoice 48-121 Barkston Gardens SW5 0EL Flat 58,invoice-48-121-barkston-gardens-sw5-0el-flat-58,66509b970a630ec4a9f20f57,670ebe5b2a119b41439302a4,false,false,Tue Oct 15 2024 19:11:23 GMT+0000 (Coordinated Universal Time),Wed Oct 16 2024 01:49:26 GMT+0000 (Coordinated Universal Time),Wed Oct 16 2024 01:49:26 GMT+0000 (Coordinated Universal Time),48-121 Barkston Gardens SW5 0EL,1196881,https://bulletservices.co.uk/wrs/sw5-0el-flat-58,WRS System,1550,1860,#00cbfd,Awaiting Send,PAID,,
Invoice 48-121 Barkston Gardens SW5 0EL Flat no. 62,invoice-48-121-barkston-gardens-sw5-0el-flat-62,66509b970a630ec4a9f20f57,67585f571033c96785f87006,false,false,Tue Dec 10 2024 15:33:43 GMT+0000 (Coordinated Universal Time),Mon Jan 20 2025 16:30:48 GMT+0000 (Coordinated Universal Time),Mon Jan 20 2025 16:30:48 GMT+0000 (Coordinated Universal Time),48-121 Barkston Gardens SW5 0EL,1234741,https://bulletservices.co.uk/wrs/sw5-0el-flat-62,WRS System,1230,1476,#750062,Awaiting Send,Sent - Awaiting Payment,,https://cdn.prod.website-files.com/619692f4d2e01f91e2c4c838/67585f571033c96785f86fd7_6317mWmFcD_R5NQ6O41Hrk9rqg8pp72zE1eraH5p9z7IBQ3YoENVMWX5GAhvY6gPuUHB4VzOgcjl_-f3ABC9N4VXCwIV_MzvHLpObCSVagD5KtTZjLABM1W9cjM8BHrYshBEQIDjavko-lJRhDUc_bXCZRokWiznsCMaUw_gF_Y.pdf
Invoice 48-121 Barkston Gardens SW5 0EL Flat no. 66,invoice-48-121-barkston-gardens-sw5-0el-flat-66,66509b970a630ec4a9f20f57,67addcd02b8404d980c1fb78,false,false,Thu Feb 13 2025 11:51:44 GMT+0000 (Coordinated Universal Time),Mon Apr 14 2025 20:48:12 GMT+0000 (Coordinated Universal Time),Mon Apr 14 2025 20:48:12 GMT+0000 (Coordinated Universal Time),48-121 Barkston Gardens SW5 0EL,1270017,https://bulletservices.co.uk/wrs/sw5-0el-flat-66,WRS System,4010,4812,#00cbfd,Awaiting Send,PAID,,https://cdn.prod.website-files.com/619692f4d2e01f91e2c4c838/67addccf2b8404d980c1fb73_p9qLitdvWoHbEkI7qJn7ySO03Rx7Zg7iodFo7I19UBy9zfwpzjx8Q2AyVTSx4MXbO827PMVEaCWc1Dk4UhYMXXtqkTy9f2Qh2K_OxFWF4l1lxgLkjXr9ldEtD7qneDGKgshdukuaCCrdw4C1B9dJXbTp3LA1EM4ivN27dewWW0g.pdf
Invoice 59 Onslow Square SW7 3LS Flat 59,invoice-59-onslow-square-sw7-3ls-flat-59,66509b970a630ec4a9f20f57,6862e6ceb7c9f2d8a5d423a4,false,false,Mon Jun 30 2025 19:34:38 GMT+0000 (Coordinated Universal Time),Mon Jun 30 2025 19:34:38 GMT+0000 (Coordinated Universal Time),Mon Jun 30 2025 19:34:38 GMT+0000 (Coordinated Universal Time),59 Onslow Square SW7 3LS,1347255,https://bulletservices.co.uk/wrs/sw7-3ls-number-59,WRS System,900,1080,#8d7800,Awaiting Send,,,https://cdn.prod.website-files.com/619692f4d2e01f91e2c4c838/6862e6cdb7c9f2d8a5d42348_l5ZVfqslZveWMGmFJ8ImQoLIX3pQ9SssBjecvRiw5MfiAsIWa6i4S_HZ1JkpsT5D-TAMDmiBZa5rmLdOqTEDlEjRhhkzCfkfOHrVePxGJKBaqImYCOHImJ4r4a1-8usFBYzRIygFmPYm2VSSeNMB78Su9wurY-auwjwKZFAvl6Q.pdf
Void Invoice 7-8 Cromwell Cres SW5 9QN Flat no. 1,invoice-7-8-cromwell-cres-sw5-9qn-flat-1,66509b970a630ec4a9f20f57,670e316f450dd0a79bc1da9e,false,false,Tue Oct 15 2024 09:10:07 GMT+0000 (Coordinated Universal Time),Mon Oct 21 2024 11:10:11 GMT+0000 (Coordinated Universal Time),Mon Oct 21 2024 11:10:11 GMT+0000 (Coordinated Universal Time),7-8 Cromwell Cres SW5 9QN,1198757,https://bulletservices.co.uk/wrs/sw5-9qn-flat-1,WRS System,1490,1788,#750002,Awaiting Send,Voided + Email Sent,,https://cdn.prod.website-files.com/619692f4d2e01f91e2c4c838/670e316f450dd0a79bc1da81_RpQQ2lwk6ZN7e27VfZxWHgS2zJwjFWAP7YEpROgFDejzsG09CPuyCurlgEXDRWvfizVSzzszeALZxqLsllWQJ1y_Wq8lLEvHVQnwtAV8z0JtdHSyQfXhdNhr-C1GRWsvCH5HlAjEcpOcpsDySFQprtUGXt_NKMM8gjyastgaSxM.pdf
Invoice 7-8 Cromwell Cres SW5 9QN Flat no. 1,invoice-7-8-cromwell-cres-sw5-9qn-flat-1-6e34c,66509b970a630ec4a9f20f57,675ce9883148b85fbd9989e4,false,false,Sat Dec 14 2024 02:12:24 GMT+0000 (Coordinated Universal Time),Mon Jan 20 2025 16:28:57 GMT+0000 (Coordinated Universal Time),Mon Jan 20 2025 16:28:57 GMT+0000 (Coordinated Universal Time),7-8 Cromwell Cres SW5 9QN,1237181,https://bulletservices.co.uk/wrs/sw5-9qn-flat-1,WRS System,2365,2838,#750062,Awaiting Send,Sent - Awaiting Payment,,https://cdn.prod.website-files.com/619692f4d2e01f91e2c4c838/675ce9873148b85fbd99898f_XtiDm5GnydnGAKusYShM6akjOrQiPeIbyy4DiKeWvasZxQmAWEXtv2yIuMHlhy5UFmV9Epmq6bEMQEKYGWGvGnwmN0qd-hLeVhKp80bttR2sL_u5T2M337XVBH7L_JjR1NOeald5B9dKX_2y2vrump_hvKfvMHdUvtyarwa_0gI.pdf
Invoice 7-8 Cromwell Cres SW5 9QN Flat no. 2,invoice-7-8-cromwell-cres-sw5-9qn-flat-2,66509b970a630ec4a9f20f57,671fbaac472dd3f4d18acbed,false,false,Mon Oct 28 2024 16:24:12 GMT+0000 (Coordinated Universal Time),Mon Jan 20 2025 16:31:29 GMT+0000 (Coordinated Universal Time),Mon Jan 20 2025 16:31:29 GMT+0000 (Coordinated Universal Time),7-8 Cromwell Cres SW5 9QN,1207137,https://bulletservices.co.uk/wrs/sw5-9qn-flat-2,WRS System,1490,1788,#750062,Awaiting Send,Sent - Awaiting Payment,,https://cdn.prod.website-files.com/619692f4d2e01f91e2c4c838/671fbaac472dd3f4d18acbe8_dZ4lqAEnxSafFZtNWPaIOoabSe_VpkphhY6oM2R-BQtj35PE2iSJ37ZiWFNGiKvvFb47t19isAmPX-_HjDwiVX50498wfKmTpnsTAOhxIrISjTKkMHTGHbwBLURX8BrC9x13nSnl4sEBKNVJsBKyGjeKdnraEHQGyG7EZYSIVog.pdf
Invoice 7-8 Cromwell Cres SW5 9QN Flat no. 3,invoice-7-8-cromwell-cres-sw5-9qn-flat-3,66509b970a630ec4a9f20f57,6717d725cc9c777e6245984e,false,false,Tue Oct 22 2024 16:47:33 GMT+0000 (Coordinated Universal Time),Wed Jan 22 2025 23:00:04 GMT+0000 (Coordinated Universal Time),Wed Jan 22 2025 23:00:04 GMT+0000 (Coordinated Universal Time),7-8 Cromwell Cres SW5 9QN,1203463,https://bulletservices.co.uk/wrs/sw5-9qn-flat-3,WRS System,1240,1488,#00cbfd,Awaiting Send,PAID,,https://cdn.prod.website-files.com/619692f4d2e01f91e2c4c838/6717d724cc9c777e62459744_lrNHRYwCAz7t6opkU8aO1HmpBiwQlPjpWgPZpFwy1HCs24v2eWpGW4gFCTM1o0cw_MCYM_m8FF_A9aw7hq34W1oJ4II1a5UWfYOcTKi5sN0BB6mNd_1z2qT_95C1bW0i2K6usobXXrmYYvlC6iRT3cdS9_MeilfTfNj2EID6UMM.pdf
Invoice 7-8 Cromwell Cres SW5 9QN Flat no. 5,invoice-7-8-cromwell-cres-sw5-9qn-flat-5,66509b970a630ec4a9f20f57,6718bd58230cab819dfa5dab,false,false,Wed Oct 23 2024 09:09:44 GMT+0000 (Coordinated Universal Time),Wed Oct 23 2024 09:48:16 GMT+0000 (Coordinated Universal Time),Wed Oct 23 2024 09:48:16 GMT+0000 (Coordinated Universal Time),7-8 Cromwell Cres SW5 9QN,1204053,https://bulletservices.co.uk/wrs/sw5-9qn-flat-5,WRS System,1470,1764,#00cbfd,Awaiting Send,PAID,,https://cdn.prod.website-files.com/619692f4d2e01f91e2c4c838/6718bd58230cab819dfa5d26_H-pQV2BDqZFGWTVXS63Qx6vY-xZXGvuPxaeDHSl8Bn9H5LxuPYC6HGTO4OAlPfJn37k9kPset7506xu0tPDpGBi6BUtj5mkRNH12gnUv00qOvRMqs0CaqjlFrlF6nIFU42FcvG8Ek7oBj12a8wpEDfys74rmLU8x_9AtZSoOBwM.pdf
Invoice 7-8 Cromwell Cres SW5 9QN Flat no. 6,invoice-7-8-cromwell-cres-sw5-9qn-flat-6,66509b970a630ec4a9f20f57,671ddc9635250603842584d3,false,false,Sun Oct 27 2024 06:24:22 GMT+0000 (Coordinated Universal Time),Thu Feb 13 2025 10:12:28 GMT+0000 (Coordinated Universal Time),Thu Feb 13 2025 10:12:28 GMT+0000 (Coordinated Universal Time),7-8 Cromwell Cres SW5 9QN,1206501,https://bulletservices.co.uk/wrs/sw5-9qn-flat-6,WRS System,1480,1776,#00cbfd,Awaiting Send,PAID,,https://cdn.prod.website-files.com/619692f4d2e01f91e2c4c838/671ddc963525060384258492_adEKMDLVSP3S_rkxC6EZ2wmKkWSQAlCJD8ZcW04IniMN6wK3gRPeZeYiuWW5ftVgkjUoYmGa2fINjNYv_mCgLP3MAme_SAqSBkGXaRwpFqohZwxPXRyYwuVFKDL8_dk5ZZXXhpeIGsgNHDZnIMFxGERNKVNkAyhn0ZUFnrD8fHY.pdf
Invoice 7-8 Cromwell Cres SW5 9QN Flat no. A,invoice-7-8-cromwell-cres-sw5-9qn-flat-a,66509b970a630ec4a9f20f57,6735049d0f111b74961702bd,false,false,Wed Nov 13 2024 19:57:17 GMT+0000 (Coordinated Universal Time),Fri Dec 13 2024 11:37:16 GMT+0000 (Coordinated Universal Time),Fri Dec 13 2024 11:37:16 GMT+0000 (Coordinated Universal Time),7-8 Cromwell Cres SW5 9QN,1217799,https://bulletservices.co.uk/wrs/sw5-9qn-flat-a,WRS System,190,228,#00cbfd,Awaiting Send,PAID,,https://cdn.prod.website-files.com/619692f4d2e01f91e2c4c838/6735049c0f111b74961702b8_3CfXG6OFdX-Zs89avtpPviiapihWaM18cePfnjvPvl_xyXirCmcuMBW9OpZ4ZQ8EHNFT1iulpr2JgW16V3V0Wyd32At6Z3bfK5m_n1R4U6otyEVlcU_KAAEcCExCFSyUsn8mKTY3thINP4gZkuk2na6eTdg3_SVUtBS9jwSjwCE.pdf
Invoice 72 Warwick Gardens W14 8PP Flat no. 1,invoice-72-warwick-gardens-w14-8pp-flat-1,66509b970a630ec4a9f20f57,66cf363463579be34dadaa0f,false,false,Wed Aug 28 2024 14:37:39 GMT+0000 (Coordinated Universal Time),Wed Aug 28 2024 14:44:24 GMT+0000 (Coordinated Universal Time),Wed Aug 28 2024 14:44:24 GMT+0000 (Coordinated Universal Time),72 Warwick Gardens W14 8PP,1165659,https://bulletservices.co.uk/wrs/w14-8pp-flat-b,WRS System,390,468,#00cbfd,Awaiting Send,PAID,,https://cdn.prod.website-files.com/619692f4d2e01f91e2c4c838/66cf363263579be34dada6e8_QYoaeumsUYo5jZIDUPJABvNujbeUZv4BueeaxPe0LjO85ELo3v5Ok7kVHM41HmW6RYDuQvssng6-XJKeUoXl6ceUx4ySAL97GWGwaNqgIjHmaVm7LW19gViAn07SGwU_XnF8kZ8pzFqIvmSRsfRvXUN8FqeZaTcxU6cfZJ1ywjs.pdf
Invoice 72 Warwick Gardens W14 8PP Flat no. 3,invoice-72-warwick-gardens-w14-8pp-flat-3,66509b970a630ec4a9f20f57,66c5dd35af5fc1a7d7be31b8,false,false,Wed Aug 21 2024 12:27:33 GMT+0000 (Coordinated Universal Time),Tue Oct 01 2024 09:26:40 GMT+0000 (Coordinated Universal Time),Tue Oct 01 2024 09:26:40 GMT+0000 (Coordinated Universal Time),72 Warwick Gardens W14 8PP,1161087,https://bulletservices.co.uk/wrs/w14-8pp-flat-3,WRS System,1320,1584,#00cbfd,Awaiting Send,PAID,,https://uploads-ssl.webflow.com/619692f4d2e01f91e2c4c838/66c5dd35af5fc1a7d7be31b3_RxX1lDCjwYr8I3GW29VGw1C2iInSeJB4OskbthVetgQoLRlGxiap77NdkvUZnL3CKGSxqkCIYStSO3aYwF7xax_ttBzBO0L806IBWvpGKgk_iO2YeLaE938Z8ug_joNBV6jD5i67EoYDBYvMoXaIlNZaqbA9IQpK8aui-1scDS0.pdf
Invoice 72 Warwick Gardens W14 8PP Flat no. 4,invoice-72-warwick-gardens-w14-8pp-flat-4,66509b970a630ec4a9f20f57,66c5c3a93141fc61ac6ae1c5,false,false,Wed Aug 21 2024 10:38:32 GMT+0000 (Coordinated Universal Time),Tue Dec 10 2024 10:02:08 GMT+0000 (Coordinated Universal Time),Tue Dec 10 2024 10:02:08 GMT+0000 (Coordinated Universal Time),72 Warwick Gardens W14 8PP,1161039,https://bulletservices.co.uk/wrs/w14-8pp-flat-4,WRS System,360,432,#750062,Awaiting Send,Sent - Awaiting Payment,,https://uploads-ssl.webflow.com/619692f4d2e01f91e2c4c838/66c5c3a73141fc61ac6ada90_45N5qXjNKpKZEpS_IIVr6PBVXCuaRZYDSFCitJa-0p_3lMjIibZ5rZ3dMzVp1E_Ul8ZbULxyaiN7on9iY5b-0bZPJQo68fynNZ3TfnvdpO1E95CocTrGkXQh9S-9yrOWcrXBOpK9fBAayKIY-XxM8zUyh_NkYztX2nw5EQs9CO4.pdf
Invoice Flat 53 SW5 9TU Flat no. 53,invoice-flat-53-sw5-9tu-flat-53,66509b970a630ec4a9f20f57,68e74ab317a749ea70ee64de,false,false,Thu Oct 09 2025 05:40:03 GMT+0000 (Coordinated Universal Time),Thu Oct 09 2025 06:10:40 GMT+0000 (Coordinated Universal Time),Thu Oct 09 2025 06:10:40 GMT+0000 (Coordinated Universal Time),Flat 53 SW5 9TU,1397691,https://bulletservices.co.uk/wrs/47-49-pennywern-road-6af89489,WRS System,746,895.2,#750062,Awaiting Send,Sent - Awaiting Payment,,https://cdn.prod.website-files.com/619692f4d2e01f91e2c4c838/68e74ab317a749ea70ee64bb_K7O9qP784_JktneKGyOLZqYh5oGQi94g1Jbawh_IA64hnt5mm7VMP2GI31OvZgUmHxXbwITRHmMpcQzQj4JfLsizNQOz5RmGPz2NzCxay_TXccwA4XaywGL0JJKmesAm7C06iAwcNbv_3S1G_SoVuiT2ywepVyjw8qGoafh4nkg.pdf
Invoice SW5 9TU Flat no. Basement Flat building no 49,invoice-sw5-9tu-flat-basement-flat-building-no-49,66509b970a630ec4a9f20f57,68e50535aaf802d0a3fcaaca,false,false,Tue Oct 07 2025 12:19:01 GMT+0000 (Coordinated Universal Time),Tue Oct 07 2025 20:48:19 GMT+0000 (Coordinated Universal Time),Tue Oct 07 2025 20:48:19 GMT+0000 (Coordinated Universal Time),SW5 9TU,,https://bulletservices.co.uk/wrs/47-49-pennywern-road-6af89489-cc3d7,WRS System,281,337.2,#750062,Awaiting Send,Sent - Awaiting Payment,,https://cdn.prod.website-files.com/619692f4d2e01f91e2c4c838/68e50535aaf802d0a3fcaaa0_Wqvdh0ARrCemWm_HfLbXNR2oHCtN95sn4bLLWemMItKQaOPNaJ3Cmm3I_s7C1KDgf0XwOAa_2AVGEbf20MhLTC0_N6w6nnquC6F0H44ttKbQ2L1wGsLQD1MVqP_oZkcc8fXJtX544RgX2XyTgpjtTiV7vEXCVpRxN9to0UGdpoI.pdf
Invoice SW59TU Flat 63,invoice-sw59tu-flat-63,66509b970a630ec4a9f20f57,68de4116a7e005c767cb71d5,false,false,Thu Oct 02 2025 09:08:38 GMT+0000 (Coordinated Universal Time),Thu Oct 02 2025 09:08:38 GMT+0000 (Coordinated Universal Time),Thu Oct 02 2025 09:08:38 GMT+0000 (Coordinated Universal Time),SW59TU,1394375,https://bulletservices.co.uk/wrs/47-49-54f128a9,WRS System,220,264,#8d7800,Awaiting Send,,,https://cdn.prod.website-files.com/619692f4d2e01f91e2c4c838/68de4116a7e005c767cb71d0_objIgUL_7BcIE3ItGWzy4kyHRSDcRrg1tVmvm68T-G7erOxnxTGGi8mDE8W5TcHmgrDxiutdL5vhPATUveKS4Pwdq2gIDp-zv58XxwlkyGdkbr6N1wfBJ2O2OizA3ryaL8FtKpDOmv8vFzlN8mciQ0hl7me2UFf6BzkcnaS1Nmw.pdf
Invoice SW59TU Flat 63,invoice-sw59tu-flat-63-787db,66509b970a630ec4a9f20f57,68de44471445a2a0d5906ca4,false,false,Thu Oct 02 2025 09:22:15 GMT+0000 (Coordinated Universal Time),Thu Oct 09 2025 14:58:55 GMT+0000 (Coordinated Universal Time),Sat Nov 15 2025 10:46:17 GMT+0000 (Coordinated Universal Time),SW59TU,1394380,https://bulletservices.co.uk/wrs/47-49-54f128a9,WRS System,220,264,#8d7800,Send to Client,,,https://cdn.prod.website-files.com/619692f4d2e01f91e2c4c838/68de44471445a2a0d5906c84_gOB9Vazx8YDx-_VQIRYY_35R4Pcr0S4sxE8gtV3RdDr3tUgwEvcaRDRXdUVZeDTNaXfdQ2BTec2koqIWRx0w89vpFkNSjSsd-p8ZvJlYfNFNWcKRytFd2YXX7uqfbeBq4ksyflnqjTJc_aanYRSpTlcYicL-0jEGG_Fs_X6sZRo.pdf
